rate,profile,run,status,latency_ms,wall_ms,capture_queue_frames,playback_queue_frames,returncode,duration_s,note,raw_file
48000,aggressive,1,valid,11.2499,16.092100000000002,1472.0,0.0,0,1.1855486930000003,,48000-aggressive-01.txt
48000,aggressive,2,valid,10.75,15.983899999999998,1472.0,0.0,0,1.20342604,,48000-aggressive-02.txt
48000,aggressive,3,valid,11.5833,16.008000000000003,1472.0,0.0,0,1.2204286720000006,,48000-aggressive-03.txt
48000,aggressive,4,valid,10.0833,16.0106,1280.0,0.0,0,1.2112789470000003,,48000-aggressive-04.txt
48000,aggressive,5,valid,13.916599999999999,19.950699999999998,1664.0,0.0,0,1.2162417699999999,,48000-aggressive-05.txt
48000,aggressive,6,valid,10.75,16.030099999999997,1824.0,0.0,0,1.2092508040000016,,48000-aggressive-06.txt
48000,aggressive,7,valid,11.7499,16.0019,1664.0,0.0,0,1.2040471989999997,,48000-aggressive-07.txt
48000,aggressive,8,valid,11.7499,16.0069,1664.0,0.0,0,1.2027900980000013,,48000-aggressive-08.txt
48000,aggressive,9,valid,9.74997,15.9861,1472.0,0.0,0,1.1954986199999986,,48000-aggressive-09.txt
48000,aggressive,10,valid,12.583300000000001,19.993199999999998,1664.0,0.0,0,1.199282998000001,,48000-aggressive-10.txt
48000,aggressive,11,valid,12.75,20.0474,1664.0,0.0,0,1.1946879049999986,,48000-aggressive-11.txt
48000,aggressive,12,valid,10.75,16.2528,1472.0,0.0,0,1.1972533279999986,,48000-aggressive-12.txt
48000,aggressive,13,valid,11.083300000000001,16.0505,1472.0,0.0,0,1.2039441320000002,,48000-aggressive-13.txt
48000,aggressive,14,valid,10.416599999999999,15.991999999999999,1664.0,0.0,0,1.2097342819999994,,48000-aggressive-14.txt
48000,aggressive,15,valid,13.5833,20.0739,1856.0,0.0,0,1.214874579,,48000-aggressive-15.txt
48000,aggressive,16,valid,11.083300000000001,15.9549,1664.0,0.0,0,1.2078723840000016,,48000-aggressive-16.txt
48000,aggressive,17,valid,10.5833,15.9832,1664.0,0.0,0,1.209858219000001,,48000-aggressive-17.txt
48000,aggressive,18,valid,12.583300000000001,19.9741,1472.0,0.0,0,1.207098600000002,,48000-aggressive-18.txt
48000,aggressive,19,valid,12.583300000000001,19.9889,1472.0,0.0,0,1.214105171,,48000-aggressive-19.txt
48000,aggressive,20,valid,13.5833,19.9053,1664.0,0.0,0,1.207445646,,48000-aggressive-20.txt
48000,balanced,1,valid,12.9167,19.9527,1664.0,0.0,0,1.2051853310000027,,48000-balanced-01.txt
48000,balanced,2,valid,12.0833,20.023,1664.0,0.0,0,1.2102701029999992,,48000-balanced-02.txt
48000,balanced,3,valid,11.7499,16.0609,1664.0,0.0,0,1.212483462999998,,48000-balanced-03.txt
48000,balanced,4,valid,11.2499,15.9866,1664.0,0.0,0,1.2036645279999973,,48000-balanced-04.txt
48000,balanced,5,valid,12.583300000000001,19.9699,1664.0,0.0,0,1.2091214539999982,,48000-balanced-05.txt
48000,balanced,6,valid,11.7499,16.009800000000002,1664.0,0.0,0,1.200300281000004,,48000-balanced-06.txt
48000,balanced,7,valid,12.416699999999999,19.9362,1472.0,0.0,0,1.1970292150000006,,48000-balanced-07.txt
48000,balanced,8,valid,13.5833,20.042399999999997,1664.0,0.0,0,1.1986274550000005,,48000-balanced-08.txt
48000,balanced,9,valid,13.5833,20.0049,1664.0,0.0,0,1.195164394999999,,48000-balanced-09.txt
48000,balanced,10,valid,10.5833,16.0445,1344.0,0.0,0,1.1920969990000003,,48000-balanced-10.txt
48000,balanced,11,valid,12.25,20.013800000000003,1664.0,0.0,0,1.2012752649999996,,48000-balanced-11.txt
48000,balanced,12,valid,11.916599999999999,16.0037,1856.0,0.0,0,1.1974457419999993,,48000-balanced-12.txt
48000,balanced,13,valid,12.25,20.259,1472.0,0.0,0,1.196247061000001,,48000-balanced-13.txt
48000,balanced,14,valid,12.416699999999999,19.812,1472.0,0.0,0,1.1940009469999993,,48000-balanced-14.txt
48000,balanced,15,valid,11.2499,16.050600000000003,1472.0,0.0,0,1.1897913620000011,,48000-balanced-15.txt
48000,balanced,16,valid,12.0833,19.947599999999998,1664.0,0.0,0,1.2027321059999991,,48000-balanced-16.txt
48000,balanced,17,valid,13.5833,20.0643,1856.0,0.0,0,1.1964005390000025,,48000-balanced-17.txt
48000,balanced,18,valid,11.5833,16.0932,1664.0,0.0,0,1.1919496269999996,,48000-balanced-18.txt
48000,balanced,19,valid,10.0833,16.0474,1280.0,0.0,0,1.1865082509999993,,48000-balanced-19.txt
48000,balanced,20,valid,13.4166,19.972299999999997,1664.0,0.0,0,1.1978524750000048,,48000-balanced-20.txt
48000,conservative,1,valid,12.75,19.9914,1856.0,0.0,0,1.1983980160000058,,48000-conservative-01.txt
48000,conservative,2,valid,12.75,20.0895,1472.0,0.0,0,1.189743080999996,,48000-conservative-02.txt
48000,conservative,3,valid,10.416599999999999,16.013099999999998,1664.0,0.0,0,1.1900003469999945,,48000-conservative-03.txt
48000,conservative,4,valid,12.9167,20.0294,1688.0,0.0,0,1.195626262999994,,48000-conservative-04.txt
48000,conservative,5,valid,11.4166,16.0137,1472.0,0.0,0,1.1879639230000052,,48000-conservative-05.txt
48000,conservative,6,valid,11.4166,16.0284,1856.0,0.0,0,1.1955525179999995,,48000-conservative-06.txt
48000,conservative,7,valid,9.91664,16.0013,1664.0,0.0,0,1.1940623710000011,,48000-conservative-07.txt
48000,conservative,8,valid,10.5833,16.0266,1536.0,0.0,0,1.1944328729999967,,48000-conservative-08.txt
48000,conservative,9,valid,13.083300000000001,19.974800000000002,1472.0,0.0,0,1.1972123110000013,,48000-conservative-09.txt
48000,conservative,10,valid,10.0833,16.020300000000002,1472.0,0.0,0,1.190926828000002,,48000-conservative-10.txt
48000,conservative,11,valid,13.083300000000001,20.223499999999998,1664.0,0.0,0,1.195989460000007,,48000-conservative-11.txt
48000,conservative,12,valid,13.083300000000001,20.122899999999998,1664.0,0.0,0,1.1944892449999998,,48000-conservative-12.txt
48000,conservative,13,valid,12.583300000000001,20.101399999999998,1664.0,0.0,0,1.1974716389999998,,48000-conservative-13.txt
48000,conservative,14,valid,11.083300000000001,16.0031,1664.0,0.0,0,1.1961619770000027,,48000-conservative-14.txt
48000,conservative,15,valid,10.0833,16.0153,1664.0,0.0,0,1.1970870319999989,,48000-conservative-15.txt
48000,conservative,16,valid,12.0833,19.996199999999998,1472.0,0.0,0,1.1998558470000091,,48000-conservative-16.txt
48000,conservative,17,valid,10.5833,16.0154,1664.0,0.0,0,1.185610183999998,,48000-conservative-17.txt
48000,conservative,18,valid,9.74997,16.020699999999998,1472.0,0.0,0,1.193522668,,48000-conservative-18.txt
48000,conservative,19,valid,12.75,20.0344,1664.0,0.0,0,1.1963741269999986,,48000-conservative-19.txt
48000,conservative,20,valid,11.2499,15.9478,1472.0,0.0,0,1.1884691969999892,,48000-conservative-20.txt
